category,cluster_0_mean,cluster_0_sem,cluster_1_mean,cluster_1_sem
reading,2.3583333333333334,0.1392036696131219,3.301041666666667,0.1330540087150449
analysis,2.693489583333333,0.12065928822630334,3.3730034722222224,0.11319616072038687
interpretation,3.5645833333333337,0.08252135996201615,3.822048611111111,0.08023512523104287
